# Name,     Type, SubType,  Offset,   Size
# -----------------------------------------------------------
# nvs       20 KB  — shared config (must end before 0xE000)
# otadata    8 KB  — OTA state (fixed position required by IDF)
# app0    3.6875 MB — OTA slot 0
# app1    3.6875 MB — OTA slot 1   (ends at 0x770000)
# irlearn   48 KB  — learned IR blobs
# spiffs   464 KB  — web assets / logs
# coredump  64 KB  — crash snapshots  (ends at 0x800000)
# -----------------------------------------------------------
nvs,       data, nvs,      0x9000,   0x5000
otadata,   data, ota,      0xE000,   0x2000
app0,      app,  ota_0,    0x10000,  0x3B0000
app1,      app,  ota_1,    0x3C0000, 0x3B0000
irlearn,   data, nvs,      0x770000, 0xC000
spiffs,    data, spiffs,   0x77C000, 0x74000
coredump,  data, coredump, 0x7F0000, 0x10000
